{"cameraMode":{"drawMode":0,"name":"Shaded","section":"Shading Mode"},"sceneLighting":false,"audioPlay":false,"sceneViewState":{"m_AlwaysRefresh":true,"showFog":false,"showSkybox":false,"showFlares":true,"showImageEffects":true,"showParticleSystems":true,"showVisualEffectGraphs":true,"m_FxEnabled":true},"in2DMode":false,"pivot":{"x":0.0324481725692749,"y":0.9270312786102295,"z":0.021603882312774659},"rotation":{"x":0.054019246250391009,"y":0.5967452526092529,"z":-0.03940557315945625,"w":0.8000178337097168},"size":3.3444418907165529,"orthographic":true}