{"cameraMode":{"drawMode":0,"name":"Shaded","section":"Shading Mode"},"sceneLighting":false,"audioPlay":false,"sceneViewState":{"m_AlwaysRefresh":true,"showFog":false,"showSkybox":false,"showFlares":true,"showImageEffects":true,"showParticleSystems":true,"showVisualEffectGraphs":true,"m_FxEnabled":true},"in2DMode":false,"pivot":{"x":-0.01127920113503933,"y":-0.06957805156707764,"z":-0.06259709596633911},"rotation":{"x":-0.24719250202178956,"y":-0.5873966813087463,"z":0.1930113285779953,"w":-0.7465088963508606},"size":0.4035252630710602,"orthographic":false}