{"cameraMode":{"drawMode":0,"name":"Shaded","section":"Shading Mode"},"sceneLighting":true,"audioPlay":false,"sceneViewState":{"m_AlwaysRefresh":true,"showFog":false,"showSkybox":true,"showFlares":true,"showImageEffects":true,"showParticleSystems":true,"showVisualEffectGraphs":true,"m_FxEnabled":true},"in2DMode":false,"pivot":{"x":-173.4549560546875,"y":352.54638671875,"z":1410.0531005859375},"rotation":{"x":0.19568486511707307,"y":-0.24714592099189759,"z":0.054306913167238238,"w":0.9474588632583618},"size":1560.9927978515625,"orthographic":false}